NLR clade,gene_short_na
CNL-1,Mi1.2
CNL-1,Rpiblb2
CNL-1,Solyc00g102400
CNL-1,Solyc05g042090
CNL-1,Solyc05g043420
CNL-1,Solyc05g044490
CNL-1,Solyc05g050430
CNL-1,Solyc05g053990
CNL-1,Solyc05g054010
CNL-1,Solyc05g054020
CNL-1,Solyc05g054340
CNL-1,Solyc06g008380
CNL-1,Solyc06g008400
CNL-1,Solyc06g008450
CNL-1,Solyc06g008770
CNL-1,Solyc06g008790
CNL-1,Solyc06g008800
CNL-1,Solyc09g063040
CNL-10,Solyc05g009740
CNL-10,Solyc05g009750
CNL-10,Solyc05g009760
CNL-10,Solyc06g064680
CNL-10,Solyc06g064690
CNL-10,Solyc06g064720
CNL-10,Solyc06g064750
CNL-10,Solyc06g064760
CNL-10,Solyc09g064690
CNL-10,Solyc09g098100
CNL-10,Solyc09g098130
CNL-10,Solyc12g038900
CNL-10,Sw5b
CNL-11,Prf
CNL-11,R1
CNL-11,Solyc04g007490
CNL-11,Solyc05g005130
CNL-11,Solyc05g005330
CNL-11,Solyc05g007170
CNL-11,Solyc05g007350
CNL-11,Solyc05g007610
CNL-11,Solyc05g007630
CNL-11,Solyc05g007640
CNL-11,Solyc05g012740
CNL-11,Solyc05g012900
CNL-11,Solyc05g012910
CNL-11,Solyc05g013260
CNL-11,Solyc05g013280
CNL-13,Solyc01g016960
CNL-13,Solyc01g087200
CNL-13,Solyc04g011960
CNL-13,Solyc04g011980
CNL-13,Solyc04g011990
CNL-13,Solyc04g012010
CNL-13,Solyc06g062440
CNL-13,Solyc07g009180
CNL-13,Solyc08g074250
CNL-15,Cc00g08250
CNL-15,Cc00g08260
CNL-15,Cc00g08280
CNL-15,Cc00g09260
CNL-15,Cc00g09280
CNL-15,Cc00g09450
CNL-15,Cc00g09460
CNL-15,Cc00g09820
CNL-15,Cc00g09830
CNL-15,Cc00g09990
CNL-15,Cc00g10960
CNL-15,Cc00g10970
CNL-15,Cc00g13920
CNL-15,Cc00g14940
CNL-15,Cc00g15940
CNL-15,Cc00g17770
CNL-15,Cc00g23050
CNL-15,Cc00g23300
CNL-15,Cc00g24980
CNL-15,Cc00g26400
CNL-15,Cc00g26800
CNL-15,Cc00g27180
CNL-15,Cc00g27750
CNL-15,Cc00g27760
CNL-15,Cc00g28130
CNL-15,Cc00g29070
CNL-15,Cc00g29520
CNL-15,Cc00g29640
CNL-15,Cc00g29820
CNL-15,Cc00g30500
CNL-15,Cc00g31080
CNL-15,Cc00g31380
CNL-15,Cc00g31400
CNL-15,Cc00g32580
CNL-15,Cc00g34280
CNL-15,Cc00g35720
CNL-15,Cc02g33080
CNL-15,Cc04g12660
CNL-15,Cc05g01650
CNL-15,Cc06g16190
CNL-15,Cc06g20410
CNL-15,Cc08g00520
CNL-15,Cc08g01600
CNL-15,Cc08g01610
CNL-15,Cc08g01620
CNL-15,Cc08g01640
CNL-15,Cc08g01650
CNL-15,Cc08g01660
CNL-15,Cc08g01670
CNL-15,Cc08g01820
CNL-15,Cc08g01900
CNL-15,Cc08g01920
CNL-15,Cc08g01940
CNL-15,Cc08g01970
CNL-15,Cc08g01980
CNL-15,Cc08g02010
CNL-15,Cc08g02020
CNL-15,Cc08g02030
CNL-15,Cc08g02040
CNL-15,Cc08g02170
CNL-15,Cc08g02180
CNL-15,Cc08g02190
CNL-15,Cc08g02210
CNL-15,Cc08g02230
CNL-15,Cc08g02250
CNL-15,Cc08g02280
CNL-15,Cc08g03590
CNL-15,Cc08g03610
CNL-15,Cc08g03670
CNL-15,Cc08g03690
CNL-15,Cc08g03710
CNL-15,Cc08g03720
CNL-15,Cc08g04500
CNL-15,Cc08g04550
CNL-15,Cc08g04570
CNL-15,Cc08g04600
CNL-15,Cc09g04860
CNL-15,Cc10g08710
CNL-15,Cc11g03400
CNL-15,Cc11g04950
CNL-15,Cc11g05380
CNL-15,RPM1
CNL-15,Solyc01g086810
CNL-15,Solyc08g005440
CNL-16,Cc00g09140
CNL-16,Cc00g09160
CNL-16,Cc00g09730
CNL-16,Cc00g09750
CNL-16,Cc00g09760
CNL-16,Cc00g09790
CNL-16,Cc00g09960
CNL-16,Cc00g10080
CNL-16,Cc00g11130
CNL-16,Cc00g11140
CNL-16,Cc00g11180
CNL-16,Cc00g11990
CNL-16,Cc00g12000
CNL-16,Cc00g12010
CNL-16,Cc00g12030
CNL-16,Cc00g12560
CNL-16,Cc00g13650
CNL-16,Cc00g13660
CNL-16,Cc00g13670
CNL-16,Cc00g15320
CNL-16,Cc00g15680
CNL-16,Cc00g16570
CNL-16,Cc00g16840
CNL-16,Cc00g17390
CNL-16,Cc00g17520
CNL-16,Cc00g17570
CNL-16,Cc00g18700
CNL-16,Cc00g18940
CNL-16,Cc00g19390
CNL-16,Cc00g19510
CNL-16,Cc00g19540
CNL-16,Cc00g19640
CNL-16,Cc00g19650
CNL-16,Cc00g19750
CNL-16,Cc00g19990
CNL-16,Cc00g20220
CNL-16,Cc00g20410
CNL-16,Cc00g21010
CNL-16,Cc00g21440
CNL-16,Cc00g21650
CNL-16,Cc00g21890
CNL-16,Cc00g23330
CNL-16,Cc00g23630
CNL-16,Cc00g23870
CNL-16,Cc00g23940
CNL-16,Cc00g24830
CNL-16,Cc00g24870
CNL-16,Cc00g24960
CNL-16,Cc00g25160
CNL-16,Cc00g25560
CNL-16,Cc00g25760
CNL-16,Cc00g25860
CNL-16,Cc00g25880
CNL-16,Cc00g26090
CNL-16,Cc00g26260
CNL-16,Cc00g26280
CNL-16,Cc00g26460
CNL-16,Cc00g26670
CNL-16,Cc00g26700
CNL-16,Cc00g27310
CNL-16,Cc00g27390
CNL-16,Cc00g27620
CNL-16,Cc00g27660
CNL-16,Cc00g27960
CNL-16,Cc00g28310
CNL-16,Cc00g28740
CNL-16,Cc00g29120
CNL-16,Cc00g29190
CNL-16,Cc00g29230
CNL-16,Cc00g29430
CNL-16,Cc00g29510
CNL-16,Cc00g30320
CNL-16,Cc00g30480
CNL-16,Cc00g30510
CNL-16,Cc00g30560
CNL-16,Cc00g30580
CNL-16,Cc00g31350
CNL-16,Cc00g31370
CNL-16,Cc00g32660
CNL-16,Cc00g32700
CNL-16,Cc00g32860
CNL-16,Cc00g33010
CNL-16,Cc00g35040
CNL-16,Cc00g35410
CNL-16,Cc00g35480
CNL-16,Cc00g35880
CNL-16,Cc01g00010
CNL-16,Cc01g00390
CNL-16,Cc01g00420
CNL-16,Cc01g00430
CNL-16,Cc01g00440
CNL-16,Cc01g00470
CNL-16,Cc01g00520
CNL-16,Cc01g00550
CNL-16,Cc01g00570
CNL-16,Cc01g00590
CNL-16,Cc01g00910
CNL-16,Cc01g00950
CNL-16,Cc01g01600
CNL-16,Cc01g01750
CNL-16,Cc01g01770
CNL-16,Cc01g01790
CNL-16,Cc01g01800
CNL-16,Cc01g01820
CNL-16,Cc01g01840
CNL-16,Cc01g02020
CNL-16,Cc01g02240
CNL-16,Cc01g02280
CNL-16,Cc01g02320
CNL-16,Cc01g02350
CNL-16,Cc01g02500
CNL-16,Cc01g02600
CNL-16,Cc01g02870
CNL-16,Cc01g02910
CNL-16,Cc01g03180
CNL-16,Cc01g03250
CNL-16,Cc01g05220
CNL-16,Cc01g05230
CNL-16,Cc01g05240
CNL-16,Cc01g05270
CNL-16,Cc01g05280
CNL-16,Cc02g32490
CNL-16,Cc03g09340
CNL-16,Cc03g10470
CNL-16,Cc03g11690
CNL-16,Cc03g11720
CNL-16,Cc03g11730
CNL-16,Cc03g11800
CNL-16,Cc03g11820
CNL-16,Cc03g11840
CNL-16,Cc03g12660
CNL-16,Cc03g12670
CNL-16,Cc03g12690
CNL-16,Cc03g12700
CNL-16,Cc03g12710
CNL-16,Cc03g12760
CNL-16,Cc03g12790
CNL-16,Cc03g12800
CNL-16,Cc03g12820
CNL-16,Cc03g12830
CNL-16,Cc03g12840
CNL-16,Cc03g14560
CNL-16,Cc03g14580
CNL-16,Cc03g14680
CNL-16,Cc03g15860
CNL-16,Cc04g12940
CNL-16,Cc07g21270
CNL-16,Solyc02g030290
CNL-16,Solyc10g085460
CNL-2,BS2
CNL-2,Gpa2
CNL-2,Rx
CNL-2,Solyc02g027080
CNL-2,Solyc04g015220
CNL-2,Solyc08g005500
CNL-2,Solyc12g006040
CNL-2,Solyc12g009450
CNL-2,Solyc12g009460
CNL-2,Solyc12g010660
CNL-3,Solyc05g008070
CNL-3,Solyc07g049700
CNL-3,Solyc10g051050
CNL-3,Solyc11g006520
CNL-3,Solyc11g006530
CNL-3,Solyc11g006630
CNL-3,Solyc11g006640
CNL-3,Solyc11g020100
CNL-3,Solyc12g017800
CNL-4,Cc04g07790
CNL-4,Cc06g11100
CNL-4,Rpivnt1
CNL-4,Solyc09g018220
CNL-4,Solyc09g092280
CNL-4,Solyc09g092290
CNL-4,Solyc09g092300
CNL-4,Solyc09g092310
CNL-5,2
CNL-5,Cc04g08600
CNL-5,Cc04g08610
CNL-5,R2
CNL-5,RPP13
CNL-5,Solyc04g009110
CNL-5,Solyc04g009120
CNL-5,Solyc04g009130
CNL-5,Solyc04g009150
CNL-5,Solyc04g009240
CNL-5,Solyc04g009250
CNL-5,Solyc04g009290
CNL-5,Solyc04g009660
CNL-5,Solyc04g009690
CNL-5,Solyc04g026110
CNL-5,Solyc07g039440
CNL-6,Cc00g11560
CNL-6,Cc00g25750
CNL-6,Cc00g27700
CNL-6,Cc02g28000
CNL-6,Cc06g17030
CNL-6,Cc08g04110
CNL-6,Cc08g04140
CNL-6,Cc08g04160
CNL-6,Cc08g04220
CNL-6,Cc08g04230
CNL-6,Cc08g04250
CNL-6,Solyc01g106410
CNL-6,Solyc04g039990
CNL-6,Solyc08g075630
CNL-6,Solyc08g075640
CNL-6,Solyc08g075980
CNL-6,Solyc08g076000
CNL-8,Cc00g00660
CNL-8,Cc00g05650
CNL-8,Cc00g15890
CNL-8,Cc00g16010
CNL-8,Cc00g16760
CNL-8,Cc00g22820
CNL-8,Cc00g24910
CNL-8,Cc00g27120
CNL-8,Cc00g29840
CNL-8,Cc00g31220
CNL-8,Cc02g29750
CNL-8,Cc02g29870
CNL-8,Cc02g29890
CNL-8,Cc02g29910
CNL-8,Cc02g29930
CNL-8,Cc02g29950
CNL-8,Cc02g29990
CNL-8,Cc02g30000
CNL-8,Cc02g30020
CNL-8,Cc04g14730
CNL-8,Cc04g14750
CNL-8,Cc09g09270
CNL-8,R3a
CNL-8,Solyc03g078300
CNL-8,Solyc08g007630
CNL-8,Solyc11g065780
CNL-8,Solyc11g069620
CNL-8,Solyc11g069925
CNL-8,Solyc11g071995
CNL-9,Hero
CNL-9,Solyc04g008120
CNL-9,Solyc04g008130
CNL-9,Solyc04g008140
CNL-9,Solyc04g008160
CNL-9,Solyc04g008180
CNL-9,Solyc04g008200
CNL-9,Solyc04g051210
CNL-9,Solyc06g065000
CNL-ND-10,Cc00g07220
CNL-ND-10,Cc00g07250
CNL-ND-10,Cc00g07270
CNL-ND-10,Cc00g07290
CNL-ND-10,Cc00g08120
CNL-ND-10,Cc00g08130
CNL-ND-10,Cc00g08820
CNL-ND-10,Cc00g12420
CNL-ND-10,Cc00g14490
CNL-ND-10,Cc00g15620
CNL-ND-10,Cc00g16870
CNL-ND-10,Cc00g20890
CNL-ND-10,Cc00g23210
CNL-ND-10,Cc00g23550
CNL-ND-10,Cc00g23800
CNL-ND-10,Cc00g25120
CNL-ND-10,Cc00g27630
CNL-ND-10,Cc00g31250
CNL-ND-10,Cc01g05660
CNL-ND-10,Cc04g01220
CNL-ND-10,Cc05g00910
CNL-ND-10,Cc05g00920
CNL-ND-10,Cc05g00960
CNL-ND-10,Cc05g00990
CNL-ND-10,Cc05g01020
CNL-ND-10,Cc05g01270
CNL-ND-10,Cc05g03570
CNL-ND-10,Solyc09g005290
CNL-ND-11,Solyc02g070730
CNL-ND-11,Solyc12g005970
CNL-ND-2,Solyc11g069020
CNL-ND-3,Solyc10g008230
CNL-ND-3,Solyc10g008240
CNL-ND-4,Cc11g06550
CNL-ND-4,Solyc07g005770
CNL-ND-5,Cc00g29470
CNL-ND-5,Cc03g04520
CNL-ND-5,Cc03g04680
CNL-ND-5,Cc03g04710
CNL-ND-5,Cc03g04730
CNL-ND-5,Cc03g05830
CNL-ND-5,Cc03g05850
CNL-ND-5,Cc03g06090
CNL-ND-5,Cc03g06190
CNL-ND-5,Cc03g06200
CNL-ND-5,Cc03g06210
CNL-ND-5,Cc03g06330
CNL-ND-5,Cc03g07200
CNL-ND-5,Cc06g16160
CNL-ND-5,Cc06g16170
CNL-ND-5,Cc06g16180
CNL-ND-5,Cc06g16200
CNL-ND-5,Cc06g23160
CNL-ND-5,Cc11g01970
CNL-ND-5,Cc11g02000
CNL-ND-5,Cc11g02040
CNL-ND-5,Cc11g02050
CNL-ND-5,Cc11g02060
CNL-ND-5,Cc11g02900
CNL-ND-5,Cc11g02920
CNL-ND-5,Solyc12g096920
CNL-ND-6,Solyc12g094660
CNL-ND-7,Solyc03g005650
CNL-ND-7,Solyc03g005670
CNL-ND-8,Cc00g03300
CNL-ND-8,Cc00g09320
CNL-ND-8,Cc00g09410
CNL-ND-8,Cc00g21720
CNL-ND-8,Cc00g31640
CNL-ND-8,Cc01g04980
CNL-ND-8,Cc02g28600
CNL-ND-8,Cc02g28660
CNL-ND-8,Cc02g28720
CNL-ND-8,Cc02g28730
CNL-ND-8,Cc02g28750
CNL-ND-8,Cc07g03110
CNL-ND-8,Solyc03g006750
CNL-ND-8,Solyc03g006760
CNL-ND-9,Cc02g36190
CNL-ND-9,Cc02g36200
CNL-ND-9,Cc02g36250
CNL-ND-9,Cc02g36310
CNL-ND-9,Solyc02g073574
CNL-ND-9,Solyc02g084450
CNL-ND-AtZAR1,AtZAR1
CNL-ND-AtZAR1,Cc05g05530
CNL-ND-AtZAR1,Cc05g05540
CNL-ND-AtZAR1,Cc05g05550
CNL-ND-AtZAR1,Cc07g09980
CNL-ND-AtZAR1,Solyc02g084890
CNL-ND-AtZAR1,Solyc07g053010
CNL-ND-AtZAR1,Solyc07g053020
NLR-Coffea-ND-1,Cc03g13980
NLR-Coffea-ND-10,Cc10g10090
NLR-Coffea-ND-11,Cc03g10130
NLR-Coffea-ND-11,Cc11g08970
NLR-Coffea-ND-11,Cc11g08980
NLR-Coffea-ND-11,Cc11g09420
NLR-Coffea-ND-11,Cc11g09430
NLR-Coffea-ND-11,Cc11g09440
NLR-Coffea-ND-11,Cc11g09460
NLR-Coffea-ND-12,Cc03g05750
NLR-Coffea-ND-13,Cc04g04080
NLR-Coffea-ND-14,Cc03g06570
NLR-Coffea-ND-15,Solyc02g070410
NLR-Coffea-ND-16,Cc07g18130
NLR-Coffea-ND-16,Cc11g05390
NLR-Coffea-ND-16,Cc11g05970
NLR-Coffea-ND-16,Cc11g06120
NLR-Coffea-ND-16,Cc11g06190
NLR-Coffea-ND-17,Cc00g16300
NLR-Coffea-ND-18,Cc00g11920
NLR-Coffea-ND-18,Cc00g12520
NLR-Coffea-ND-18,Cc00g15830
NLR-Coffea-ND-18,Cc11g02470
NLR-Coffea-ND-18,Cc11g02490
NLR-Coffea-ND-18,Cc11g02520
NLR-Coffea-ND-18,Cc11g04890
NLR-Coffea-ND-19,Cc11g01160
NLR-Coffea-ND-19,Cc11g04080
NLR-Coffea-ND-19,Cc11g04090
NLR-Coffea-ND-19,Cc11g04120
NLR-Coffea-ND-19,Cc11g04150
NLR-Coffea-ND-19,Cc11g05370
NLR-Coffea-ND-20,Cc03g08520
NLR-Coffea-ND-20,Cc11g03790
NLR-Coffea-ND-21,Cc08g01430
NLR-Coffea-ND-21,Cc11g00890
NLR-Coffea-ND-21,Cc11g00960
NLR-Coffea-ND-22,Cc00g03020
NLR-Coffea-ND-22,Cc00g09620
NLR-Coffea-ND-22,Cc00g09630
NLR-Coffea-ND-22,Cc00g26340
NLR-Coffea-ND-22,Cc00g30540
NLR-Coffea-ND-22,Cc01g01140
NLR-Coffea-ND-22,Cc03g08230
NLR-Coffea-ND-22,Cc03g08260
NLR-Coffea-ND-22,Cc03g08270
NLR-Coffea-ND-22,Cc03g08290
NLR-Coffea-ND-22,Cc03g14610
NLR-Coffea-ND-22,Cc03g14620
NLR-Coffea-ND-22,Cc03g14630
NLR-Coffea-ND-22,Cc03g14650
NLR-Coffea-ND-22,Cc03g14660
NLR-Coffea-ND-22,Cc03g14790
NLR-Coffea-ND-22,Cc03g14800
NLR-Coffea-ND-23,Cc01g07510
NLR-Coffea-ND-24,Cc10g13320
NLR-Coffea-ND-25,Cc03g09200
NLR-Coffea-ND-25,Cc09g06310
NLR-Coffea-ND-25,Cc11g00940
NLR-Coffea-ND-25,Cc11g00950
NLR-Coffea-ND-25,Cc11g02960
NLR-Coffea-ND-25,Cc11g07560
NLR-Coffea-ND-26,Cc00g00700
NLR-Coffea-ND-26,Cc00g16020
NLR-Coffea-ND-26,Cc06g22210
NLR-Coffea-ND-26,Cc11g06320
NLR-Coffea-ND-26,Cc11g06360
NLR-Coffea-ND-26,Cc11g06910
NLR-Coffea-ND-26,Cc11g06920
NLR-Coffea-ND-26,Cc11g08750
NLR-Coffea-ND-26,Cc11g08760
NLR-Coffea-ND-27,Cc05g04430
NLR-Coffea-ND-27,Cc05g04460
NLR-Coffea-ND-27,Cc05g04510
NLR-Coffea-ND-27,Cc05g04520
NLR-Coffea-ND-27,Cc05g04530
NLR-Coffea-ND-27,Cc05g04560
NLR-Coffea-ND-27,Cc05g05210
NLR-Coffea-ND-27,Cc05g05230
NLR-Coffea-ND-27,Cc05g05270
NLR-Coffea-ND-27,Cc05g05280
NLR-Coffea-ND-28,Cc00g10030
NLR-Coffea-ND-28,Cc00g27600
NLR-Coffea-ND-28,Cc03g09510
NLR-Coffea-ND-28,Cc03g09550
NLR-Coffea-ND-28,Cc03g09570
NLR-Coffea-ND-28,Cc03g09830
NLR-Coffea-ND-28,Cc03g09840
NLR-Coffea-ND-28,Cc03g09860
NLR-Coffea-ND-28,Cc03g10280
NLR-Coffea-ND-28,Cc03g10330
NLR-Coffea-ND-28,Cc03g10340
NLR-Coffea-ND-28,Cc03g10390
NLR-Coffea-ND-28,Cc03g10410
NLR-Coffea-ND-28,Cc03g10430
NLR-Coffea-ND-29,Cc05g09070
NLR-Coffea-ND-3,Cc02g26510
NLR-Coffea-ND-3,Cc02g26540
NLR-Coffea-ND-30,Cc05g09090
NLR-Coffea-ND-31,Cc05g08910
NLR-Coffea-ND-32,Cc00g11710
NLR-Coffea-ND-32,Cc00g20620
NLR-Coffea-ND-32,Cc02g33000
NLR-Coffea-ND-32,Cc02g33010
NLR-Coffea-ND-33,Cc00g09780
NLR-Coffea-ND-33,Cc00g19440
NLR-Coffea-ND-33,Cc00g25340
NLR-Coffea-ND-33,Cc01g07920
NLR-Coffea-ND-33,Cc01g07930
NLR-Coffea-ND-33,Cc01g07940
NLR-Coffea-ND-33,Cc01g07950
NLR-Coffea-ND-33,Cc01g08050
NLR-Coffea-ND-33,Cc01g08070
NLR-Coffea-ND-33,Cc01g08110
NLR-Coffea-ND-33,Cc01g08120
NLR-Coffea-ND-33,Cc10g11630
NLR-Coffea-ND-33,Cc10g11650
NLR-Coffea-ND-33,Cc11g04530
NLR-Coffea-ND-34,Cc00g01290
NLR-Coffea-ND-34,Cc00g01320
NLR-Coffea-ND-34,Cc00g01350
NLR-Coffea-ND-34,Cc00g02960
NLR-Coffea-ND-34,Cc00g03010
NLR-Coffea-ND-34,Cc00g03250
NLR-Coffea-ND-34,Cc00g05420
NLR-Coffea-ND-34,Cc00g05430
NLR-Coffea-ND-34,Cc00g05470
NLR-Coffea-ND-34,Cc00g05490
NLR-Coffea-ND-34,Cc00g10160
NLR-Coffea-ND-34,Cc00g10170
NLR-Coffea-ND-34,Cc00g11190
NLR-Coffea-ND-34,Cc00g14360
NLR-Coffea-ND-34,Cc00g18650
NLR-Coffea-ND-34,Cc00g19160
NLR-Coffea-ND-34,Cc00g22010
NLR-Coffea-ND-34,Cc00g29500
NLR-Coffea-ND-34,Cc00g30180
NLR-Coffea-ND-34,Cc02g33990
NLR-Coffea-ND-34,Cc04g11980
NLR-Coffea-ND-34,Cc04g12020
NLR-Coffea-ND-34,Cc07g17040
NLR-Coffea-ND-34,Cc07g17220
NLR-Coffea-ND-34,Cc07g17250
NLR-Coffea-ND-34,Cc07g17260
NLR-Coffea-ND-34,Cc07g17270
NLR-Coffea-ND-34,Cc07g17280
NLR-Coffea-ND-34,Cc07g17810
NLR-Coffea-ND-34,Cc07g17820
NLR-Coffea-ND-34,Cc07g17830
NLR-Coffea-ND-34,Cc07g17840
NLR-Coffea-ND-34,Cc07g19700
NLR-Coffea-ND-34,Cc07g19710
NLR-Coffea-ND-34,Cc07g20460
NLR-Coffea-ND-34,Cc07g20590
NLR-Coffea-ND-34,Cc07g20740
NLR-Coffea-ND-34,Cc07g20790
NLR-Coffea-ND-34,Cc07g20800
NLR-Coffea-ND-34,Cc07g21230
NLR-Coffea-ND-34,Cc07g21460
NLR-Coffea-ND-34,Cc11g03800
NLR-Coffea-ND-34,Cc11g03840
NLR-Coffea-ND-34,Cc11g03860
NLR-Coffea-ND-4,Cc00g17360
NLR-Coffea-ND-4,Cc03g13800
NLR-Coffea-ND-5,Cc03g13990
NLR-Coffea-ND-6,Cc03g14710
NLR-Coffea-ND-7,Cc02g36320
NLR-Coffea-ND-8,Cc03g06170
NLR-Coffea-ND-9,Cc00g02990
NLR-Coffea-ND-9,Cc00g09900
NLR-Coffea-ND-9,Cc00g09920
NLR-Coffea-ND-9,Cc00g10780
NLR-Coffea-ND-9,Cc00g19810
NLR-Coffea-ND-9,Cc00g21150
NLR-Coffea-ND-9,Cc00g31030
NLR-Coffea-ND-9,Cc00g31100
NLR-Coffea-ND-9,Cc00g35060
NLR-Coffea-ND-9,Cc04g11620
NLR-Coffea-ND-9,Cc04g11970
NLR-Coffea-ND-9,Cc04g12030
NLR-Coffea-ND-9,Cc04g12050
NLR-Coffea-ND-9,Cc04g12060
NLR-Coffea-ND-9,Cc04g12630
NLR-Coffea-ND-9,Cc04g12650
NLR-Coffea-ND-9,Cc04g13820
NLR-Coffea-ND-9,Cc04g13950
NLR-Coffea-ND-9,Cc04g14020
NLR-Coffea-ND-9,Cc04g14040
NLR-Coffea-ND-9,Cc04g14060
NLR-Coffea-ND-9,Cc04g14250
NLR-Coffea-ND-9,Cc04g14260
NLR-Coffea-ND-9,Cc04g14270
NLR-Coffea-ND-9,Cc06g22540
NLR-Coffea-ND-9,Cc09g09290
NLR-Coffea-ND-9,Cc11g03990
NLR-TNL?-ND-1,Cc00g19290
NLR-TNL?-ND-1,Cc00g26960
NLR-TNL?-ND-1,Cc03g15430
NLR-TNL?-ND-1,Cc03g15450
NLR-TNL?-ND-1,Cc03g15470
NLR-TNL?-ND-1,Cc03g15490
NLR-TNL?-ND-1,Cc05g06530
NLR-TNL?-ND-1,Cc05g06550
NLR-TNL?-ND-1,Cc05g06580
NLR-TNL?-ND-1,Cc05g06600
NLR-TNL?-ND-1,Cc05g06620
NLR-TNL?-ND-1,Cc05g06950
NLR-TNL?-ND-1,Cc05g06960
NLR-TNL?-ND-1,Cc05g07410
NLR-TNL?-ND-1,Cc05g07430
NLR-TNL?-ND-1,Cc05g07910
NLR-TNL?-ND-1,Cc05g08170
NLR-TNL?-ND-1,Cc05g08200
NLR-TNL?-ND-1,Cc07g16920
NLR-TNL?-ND-1,Cc08g05660
NRC-clade,Cc00g07010
NRC-clade,Cc03g14730
NRC-clade,Cc03g14750
NRC-clade,Cc05g05290
NRC-clade,Cc05g06080
NRC-clade,Cc10g10660
NRC-clade,Cc10g11230
NRC-clade,Cc10g11250
NRC-clade,Cc10g11270
NRC-clade,Cc11g03770
NRC-clade,Cc11g06560
NRC-clade,Cc11g07660
NRC-clade,Cc11g07670
NRC-clade,Cc11g10420
NRC-clade,Cc11g10440
NRC-clade,Cc11g10450
NRC-clade,Solyc01g090430
NRC-clade,Solyc03g005660
NRC-clade,Solyc04g007030
NRC-clade,Solyc04g007050
NRC-clade,Solyc04g007060
NRC-clade,Solyc04g007070
NRC-clade,Solyc04g008150
NRC-clade,Solyc04g015210
NRC-clade,Solyc05g009630
NRC-clade,Solyc10g008220
NRC-clade,Solyc10g047320
RPW-8-1,ADR1
RPW-8-1,ADR1L1
RPW-8-1,ADR1L2
RPW-8-1,AtNRG1A
RPW-8-1,AtNRG1B
RPW-8-1,Cc10g03810
RPW-8-1,Solyc02g090380
RPW-8-1,Solyc04g079420
RPW-8-2,Cc00g02030
RPW-8-2,Cc00g02040
RPW-8-2,Cc00g02080
RPW-8-2,Cc00g02110
RPW-8-2,Cc00g02120
RPW-8-2,Cc00g02130
RPW-8-2,Cc00g02140
RPW-8-2,Cc00g02150
RPW-8-2,Cc00g09480
RPW-8-2,Cc00g09490
RPW-8-2,Cc00g21080
RPW-8-2,Cc00g29590
RPW-8-2,Cc01g03010
RPW-8-2,Cc01g03020
RPW-8-2,Cc01g06910
RPW-8-2,Cc05g02150
RPW-8-2,Cc05g02440
RPW-8-2,Cc05g04690
RPW-8-2,Cc05g05250
RPW-8-2,Cc05g06490
RPW-8-2,Cc06g11650
RPW-8-2,Cc07g18670
RPW-8-2,Cc07g18690
RPW-8-2,Cc07g20620
RPW-8-2,RPS2
RPW-8-2,RPS5
RPW-8-2,Solyc02g037540
RPW-8-2,Solyc06g048910
RPW-8-2,Solyc08g007250
RPW-8-2,Solyc08g013970
RPW-8-2,Solyc10g076440
RPW-8-2,Solyc11g007790
RPW-8-3,Cc00g08240
RPW-8-3,Cc00g10380
RPW-8-3,Cc00g13150
RPW-8-3,Cc00g13170
RPW-8-3,Cc00g13280
RPW-8-3,Cc00g15430
RPW-8-3,Cc00g20520
RPW-8-3,Cc00g22090
RPW-8-3,Cc00g24460
RPW-8-3,Cc00g25690
RPW-8-3,Cc00g26540
RPW-8-3,Cc00g32210
RPW-8-3,Cc03g10780
RPW-8-3,Cc03g10810
RPW-8-3,Cc03g14760
RPW-8-3,Cc06g19650
RPW-8-3,Cc06g19660
RPW-8-3,Cc06g19680
RPW-8-3,Cc06g19710
RPW-8-3,Cc06g19740
RPW-8-3,Cc06g19750
RPW-8-3,Solyc01g067165
RPW-8-3,Solyc02g036270
RPW-8-3,Solyc03g046207
RPW-8-3,Solyc03g094100
RPW-8-3,Solyc04g005540
RPW-8-3,Solyc04g005550
RPW-8-3,Solyc10g054940
RPW-8-3,Solyc10g054970
RPW-8-3,Solyc10g055050
RPW-8-3,Solyc10g055140
RPW-8-3,Solyc10g055170
RPW-8-3,Solyc12g044180
RPW-8-3,Solyc12g044190
RPW-8-3,Solyc12g044200
TNL,Bs4
TNL,Cc00g00850
TNL,Cc00g15130
TNL,Cc00g19200
TNL,Cc00g23220
TNL,Cc00g30890
TNL,Cc00g35470
TNL,Cc01g03240
TNL,Cc03g08530
TNL,Cc03g08540
TNL,Cc03g08560
TNL,Cc08g06820
TNL,Cc08g06840
TNL,Cc08g06850
TNL,Cc11g00700
TNL,Cc11g13870
TNL,Cc11g13880
TNL,CHS3
TNL,CSA1
TNL,L6
TNL,N
TNL,Roq1
TNL,RPP1
TNL,RPP4
TNL,RPS4
TNL,RRS1
TNL,SIKIC1
TNL,SIKIC2
TNL,SIKIC3
TNL,SNC1
TNL,SOC3
TNL,Solyc00g294230
TNL,Solyc01g008800
TNL,Solyc01g014840
TNL,Solyc01g066020
TNL,Solyc01g102840
TNL,Solyc01g102850
TNL,Solyc01g102880
TNL,Solyc01g102920
TNL,Solyc01g113620
TNL,Solyc02g032650
TNL,Solyc02g082050
TNL,Solyc04g007320
TNL,Solyc04g056570
TNL,Solyc05g006620
TNL,Solyc05g006630
TNL,Solyc05g007850
TNL,Solyc05g024370
TNL,Solyc07g052770
TNL,Solyc07g052800
TNL,Solyc07g055380
TNL,Solyc07g055610
TNL,Solyc08g005510
TNL,Solyc09g007710
TNL,Solyc09g092410
TNL,Solyc11g011060
TNL,Solyc11g011080
TNL,Solyc11g011350
TNL,Solyc11g013750
TNL,WRR4